,bucket,size,time_total,time_dist,time_dbscan
0,/media/maesk/WD/falcon/PXD000561/spectra/2_300.pkl,9994,5.482446908950806,2.1590399742126465,1.6447312831878662
